person_id,first_name,last_name,age,gender,company_id,address_id
1,John,Doe,35,male,1,1
2,Jane,Smith,28,female,2,2
3,Ardenia,Bohlin,58,male,26,58
4,Sean,Ammann,99,female,63,56
5,Marcelline,Jacobah,38,female,82,82
6,Willetta,Scammon,6,female,67,17
7,Jennica,Swanhildas,57,male,88,34
8,Phedra,Whiffen,16,female,97,76
9,Miquela,Kussell,74,male,35,24
10,Bertine,Aaberg,100,female,88,21
11,Rubie,Markman,99,male,9,38
12,Tabbatha,Natica,43,male,68,59
13,Drucie,Anyah,16,male,67,8
14,Olwen,Tillford,65,male,42,57
15,Roslyn,Ashok,43,female,34,85
16,Fidelia,Alisia,48,male,48,52
17,Annora,Sallyann,19,female,28,74
18,Atlanta,Azeria,56,female,93,30
19,Hope,Chinua,88,male,38,20
20,Jennica,Diogenes,14,female,72,86
21,Rosaline,Monk,73,female,67,81
22,Gabi,Junie,39,male,92,30
23,Ronna,Goth,38,male,37,100
24,Amalie,Swigart,57,female,5,62
25,Karolina,Ezar,77,female,10,38
26,Harmonia,Nikaniki,10,male,24,83
27,Jackie,Hurley,81,female,2,72
28,Corina,Torray,73,female,11,3
29,Brana,Zenas,99,male,92,38
30,Tersina,Meli,28,female,94,24
31,Darlleen,Mott,52,female,65,100
32,Giustina,Wyn,49,male,71,17
33,Meghann,Haerr,13,female,76,96
34,Valli,Loring,33,female,77,8
35,Carree,Kaete,96,female,19,97
36,Vivia,Briney,12,female,64,56
37,Cindelyn,Loleta,59,male,60,53
38,Ericka,Fiester,77,female,60,69
39,Gaylene,Fink,33,female,30,8
40,Tani,Jethro,89,male,38,42
41,Lilith,Millda,96,male,77,12
42,Dania,Modie,90,female,46,32
43,Cindelyn,Daveta,70,male,82,24
44,Jasmina,Nikaniki,35,male,3,66
45,Celene,Bury,76,male,72,4
46,Felice,Glovsky,95,male,81,14
47,Fred,Larochelle,51,male,19,92
48,Mamie,Friede,4,male,47,49
49,Deirdre,Larochelle,28,male,45,37
50,Phedra,Lail,47,female,32,62
51,Elie,Shama,13,female,85,30
52,Demetris,Swanhildas,63,male,35,6
53,Andree,Bouchard,74,male,18,80
54,Morganica,Birdella,5,female,75,80
55,Shauna,Stoller,19,female,22,15
56,Talya,Norrie,77,female,93,6
57,Annice,Magdalen,54,male,11,65
58,Dulcinea,Azeria,36,male,74,47
59,Krystle,Swanhildas,3,male,67,12
60,Mariele,Kevon,84,female,54,95
61,Mariele,Stephie,47,female,8,63
62,Tiffie,Ackerley,2,female,48,10
63,Amii,Janene,38,female,25,2
64,Ebonee,Graig,8,female,82,26
65,Antonietta,Ledah,93,female,25,87
66,Brynna,Westphal,24,male,89,50
67,Nollie,Esmaria,44,male,2,64
68,Augustine,Ietta,55,male,74,21
69,Mildrid,Norvol,24,female,17,83
70,Shaylyn,Ummersen,83,male,27,63
71,Marcelline,Ochs,35,female,87,75
72,Chloris,Chobot,48,male,64,15
73,Sonni,Kermit,55,male,20,31
74,Sue,Aloise,64,male,46,27
75,Valera,Lubin,85,female,58,75
76,Ernesta,Revkah,75,female,45,94
77,Nonnah,Leifeste,60,female,5,64
78,Jan,Irmine,74,female,15,27
79,Tobe,Alice,60,male,59,8
80,Fidelia,Herrera,4,male,49,99
81,Kathy,Verger,82,male,73,77
82,Cordi,Campball,51,male,62,59
83,Brandise,Jobi,64,male,70,1
84,Ottilie,Bevin,66,male,61,87
85,Aubrie,Vastah,78,male,93,47
86,Edith,Faro,67,female,11,54
87,Wanda,Craggie,52,male,46,89
88,Kary,Ries,9,female,19,51
89,Adele,Lissi,73,female,41,22
90,Valera,Cullin,87,male,76,16
91,Linzy,Noelyn,1,male,16,85
92,Shirlee,Montgomery,37,female,85,58
93,Etta,Eliathas,24,female,22,5
94,Maud,Velick,31,female,82,66
95,Marline,Wiener,6,male,84,18
96,Arlina,Callista,45,female,7,29
97,Eve,Arquit,23,male,80,74
98,Lenna,Kelula,13,male,67,65
99,Dorothy,Byrne,69,male,43,28
100,Tiffie,Gavrila,23,female,53,53
101,Tamqrah,Craggie,69,female,3,22
102,Sibella,Myrilla,62,male,80,77
103,Clo,Longfellow,3,female,31,86
104,Hermione,Dichy,90,male,81,87
105,Mara,Guildroy,13,male,37,3
106,Valli,Bollay,47,female,88,74
107,Emmey,Ventre,88,female,85,89
108,Etta,Iaverne,90,male,98,92
109,Di,Braun,53,female,89,77
110,Grier,Paine,99,female,99,24
111,Rochette,Rooney,46,male,42,22
112,Marleah,Nadia,26,male,51,32
113,Gilda,Cressida,39,female,45,83
114,Joy,Macey,34,male,33,54
115,Bibby,Azeria,57,male,65,20
116,Tracey,Bultman,5,female,64,24
117,Leontine,Ralfston,27,female,67,100
118,Alexine,Stanwood,2,female,29,76
119,Carly,Drus,53,male,56,56
120,Gui,Brady,89,female,3,33
121,Ariela,Grobe,72,female,83,26
122,Konstance,Devlen,35,female,42,33
123,Georgina,Secrest,37,female,91,10
124,Cristine,Sisile,71,female,86,54
125,Shel,Frodi,79,female,64,75
126,Yvonne,Narton,79,female,52,68
127,Danika,Dahlia,38,male,63,20
128,Candi,Baptlsta,38,male,5,33
129,Madeleine,Elo,69,male,79,36
130,Trixi,Junie,85,female,48,80
131,Marleah,Buckler,10,male,33,15
132,Deedee,Germann,49,male,37,3
133,Eugine,Tillford,81,male,40,77
134,Janis,Lubin,7,male,98,14
135,Millie,Mayeda,26,male,82,5
136,Pollyanna,Shanley,67,male,40,45
137,Stephanie,Waite,14,male,27,18
138,Meriel,Toor,39,male,78,3
139,Marylou,Poll,60,female,20,62
140,Gale,Tacye,43,female,3,28
141,Mathilda,Hirsch,2,male,73,30
142,Jere,Ramona,93,female,29,63
143,Myrtice,Keelia,30,male,85,36
144,Yetty,Natalia,67,male,28,63
145,Hermione,Oscar,24,female,69,83
146,Althea,Margarete,35,female,71,45
147,Vivia,Dorothy,16,female,43,27
148,Nelle,Melan,63,male,6,68
149,Priscilla,Carey,95,male,58,11
150,Wanda,Wattenberg,73,male,42,32
151,Blinni,Hepsibah,47,female,8,99
152,Fanny,Milde,36,female,73,90
153,Tamqrah,Ajay,78,male,16,37
154,Moyna,Hessler,19,male,42,14
155,Aaren,Kress,37,male,51,56
156,Alyssa,Lissi,41,female,27,25
157,Candi,Dorothy,46,male,91,76
158,Marjie,Urias,70,male,54,25
159,Rori,Sisile,64,female,95,61
160,Mary,Love,94,male,1,64
161,Meghann,Wyn,95,female,43,46
162,Caryl,Sophronia,22,female,85,61
163,Kellen,Poll,14,male,63,20
164,Clementine,Ulphia,97,female,1,48
165,Tori,Ilka,58,male,90,18
166,Dagmar,Ietta,85,female,7,84
167,Madalyn,Tomasina,17,male,31,70
168,Wendi,Haldas,3,male,32,52
169,Teddie,Erskine,3,male,33,29
170,Aimil,Azeria,100,female,9,31
171,Ingrid,Maxi,81,male,44,43
172,Ardenia,Fillbert,36,male,81,73
173,Korrie,Forrer,19,female,90,94
174,Sarette,Lea,44,male,70,45
175,Aurelie,Ramona,34,female,83,82
176,Lonnie,Fabiola,88,female,85,76
177,Lorenza,Israeli,53,male,96,16
178,Krystle,Sophronia,18,male,91,69
179,Fanny,Rubie,95,male,95,29
180,Inga,Miru,57,female,33,24
181,Jolyn,Rocray,95,female,46,12
182,Goldie,Gaulin,67,male,83,46
183,Joelly,Salvidor,76,male,80,83
184,Barbara,Riordan,69,male,95,1
185,Chickie,Deegan,67,female,3,61
186,Elka,Obed,16,female,21,10
187,Stacey,Cosenza,40,female,31,73
188,Gale,Sharl,67,male,49,13
189,Hope,Lorain,51,male,68,84
190,Linzy,Dex,61,male,59,50
191,Brietta,Ahab,62,female,54,41
192,Kaja,Hunfredo,100,male,96,61
193,Tressa,O'Carroll,14,male,33,81
194,Molli,Bonilla,57,male,40,88
195,Christian,Kimmie,77,male,42,89
196,Correy,Rad,50,female,91,43
197,Darci,Dom,5,male,70,65
198,Cristabel,Gherardo,67,male,41,65
199,Jaclyn,Masao,49,male,6,83
200,Kenna,Rurik,84,male,36,46
201,Vanessa,Sigfrid,53,male,1,79
202,Siana,Rolf,71,male,35,29
203,Gilda,Winthorpe,73,male,55,57
204,Chere,Belanger,67,female,69,1
205,Rayna,Cherianne,35,male,71,56
206,Meriel,Ophelia,95,male,18,90
207,Bobinette,Clarissa,27,male,18,4
208,Claresta,Taima,92,male,25,97
209,Sadie,Terencio,78,male,80,52
210,Penelopa,Engdahl,82,female,93,56
211,Eve,Devlen,73,female,32,66
212,Renie,Seagraves,71,female,50,56
213,Emma,Azeria,26,male,95,15
214,Selma,Georas,2,male,21,25
215,Lizzie,Mullane,7,female,15,65
216,Christy,Cloris,26,male,10,49
217,Lindie,Harriman,51,female,35,87
218,Linet,Wandie,27,female,25,82
219,Nananne,Maxi,41,male,54,47
220,Andeee,Simmonds,98,male,35,69
221,Laure,Susannah,26,female,91,30
222,Millie,Mayeda,34,female,97,35
223,Tobe,Lea,85,female,33,25
224,Demetris,Voletta,99,female,81,69
225,Lila,Mullane,18,male,89,74
226,Madeleine,Eno,95,female,64,34
227,Shandie,Neils,89,male,7,80
228,Jere,Arley,92,female,16,68
229,Adore,Doig,9,male,14,69
230,Micheline,Tybald,86,male,38,81
231,Bernardine,Georas,42,male,32,72
232,Sibella,Maxi,48,female,28,33
233,Leontine,Seumas,29,female,75,18
234,Carilyn,Sallyann,28,female,60,51
235,Laure,Llovera,94,female,77,26
236,Priscilla,Magdalen,79,male,20,69
237,Correy,Ardra,75,male,79,24
238,Zondra,Kalinda,41,female,69,68
239,Max,Ummersen,77,female,47,68
240,Brianna,Velick,95,female,52,25
241,Rozele,Fennessy,38,female,30,75
242,Ernesta,Izaak,25,female,65,10
243,Alejandra,Johanna,66,female,30,51
244,Jany,Yam,75,female,16,66
245,Michaelina,Sandye,40,female,12,17
246,Tomasina,McLaughlin,99,male,15,75
247,Luci,Ludewig,64,male,57,95
248,Nannie,Winnick,6,male,38,89
249,Ulrike,Giule,65,female,44,44
250,Shaine,Bergman,38,male,97,53
251,Hermione,Kannry,12,male,11,26
252,Gertrud,Marisa,1,female,66,59
253,Joeann,Morrill,76,female,75,1
254,Fina,Gordon,53,male,18,55
255,Laure,Eben,57,male,94,39
256,Gale,Korey,54,male,55,13
257,Ekaterina,Ioab,99,female,31,68
258,Amara,Celestine,1,female,27,11
259,Shel,Faria,36,female,81,66
260,Karina,Raama,7,female,64,62
261,Winny,Lucienne,89,male,61,11
262,Miquela,Buffum,69,male,96,65
263,Darlleen,Felecia,34,male,92,50
264,Roslyn,Richers,9,female,78,34
265,Nicoli,Chrystel,19,female,1,1
266,Kittie,Jenness,20,male,65,77
267,Gerianna,Marsden,92,female,18,13
268,Lexine,Bates,12,female,43,29
269,Neila,Maryanne,20,male,58,40
270,Ketti,Skurnik,27,female,95,54
271,Katleen,Zetta,99,male,28,70
272,Arlena,Mathilde,99,female,21,59
273,Flo,Hortensia,12,male,10,17
274,Nollie,Bethany,90,male,9,48
275,Misha,Guthrie,18,male,66,27
276,Merle,Latini,46,female,36,87
277,Lisette,Flita,20,female,43,35
278,Brianna,Winnick,89,female,75,11
279,Fred,Wilkinson,4,female,57,89
280,Leontine,Zamora,5,male,31,97
281,Carilyn,Zitvaa,53,male,36,12
282,Ida,Sasnett,44,male,62,13
283,Corina,Bouchard,41,female,48,62
284,Zaria,Lymann,32,female,43,14
285,Amara,Blase,97,male,81,38
286,Tracey,Wolfgram,70,female,70,45
287,Dania,Claudine,7,male,27,78
288,Mallory,Pearse,82,female,14,78
289,Clarice,Ulphia,28,male,51,99
290,Jean,Rosette,39,male,76,69
291,Ileana,Earlie,63,female,91,13
292,Liana,Schenck,69,male,99,12
293,Rochette,Damarra,89,male,12,53
294,Eolanda,Kevon,40,female,19,52
295,Merrie,Dalli,97,male,33,83
296,Hollie,Couture,17,male,42,84
297,Myrtice,Zitvaa,19,female,82,50
298,Aubrie,Francene,24,female,73,6
299,Gavrielle,Linehan,40,male,84,2
300,Alia,Ralfston,49,male,27,64
301,Shirlee,Jehu,43,female,53,3
302,Cathyleen,Sidonius,48,male,1,42
303,Zondra,Ciapas,76,male,40,84
304,Sarette,Lewes,17,female,41,98
305,Annice,Elsinore,24,male,98,77
306,Ketti,Seagraves,58,female,97,7
307,Meg,Adamsen,100,male,73,69
308,Jsandye,Blase,88,male,87,66
309,Hildegaard,Rodmann,77,male,58,32
310,Leanna,Ciro,22,female,6,92
311,Maridel,Celestine,38,female,68,46
312,Sherrie,My,14,female,91,25
313,Aurore,Anyah,39,female,60,99
314,Ardys,Kolnick,8,female,39,13
315,Corina,Garlinda,51,female,36,79
316,Kara-Lynn,Ellerey,58,male,34,60
317,Lizzie,Behre,96,male,40,12
318,Sheree,Fink,55,male,7,36
319,Dyann,Fiester,42,female,74,82
320,Lila,Lytton,87,male,62,78
321,Lulita,Mallon,29,male,76,59
322,Hayley,McNully,41,male,31,70
323,Sophia,Gerge,16,male,63,72
324,Marylou,Brieta,52,female,65,18
325,Carmencita,Joni,68,female,19,19
326,Lanae,Weinreb,46,female,33,64
327,Sandie,Terrence,38,male,57,68
328,Madelle,Annabella,27,female,76,43
329,Ingrid,Shuler,67,female,5,89
330,Emelina,Tatianas,64,male,1,19
331,Melina,Geffner,34,female,14,81
332,Jessy,Faust,21,male,41,87
333,Merry,Knowling,49,male,69,47
334,Jasmina,Honoria,51,male,69,11
335,Sindee,Kevon,34,male,100,46
336,Dolli,Craggie,66,male,33,14
337,Cathyleen,Markman,78,male,75,55
338,Evaleen,Peonir,77,female,81,61
339,Leia,Baylor,64,female,62,15
340,Shauna,Lattie,93,female,73,3
341,Rayna,Euridice,57,female,27,87
342,Cacilie,Couture,16,male,61,84
343,Beverley,Salchunas,22,male,86,90
344,Sara-Ann,Alice,96,female,14,38
345,Florencia,Gahl,21,male,38,86
346,Ricky,Damarra,21,male,51,73
347,Aigneis,Garlinda,72,female,34,21
348,Kassey,Nance,63,female,57,69
349,Rosaline,Ietta,99,male,11,93
350,Clementine,Luhe,24,male,7,1
351,Vanessa,Ade,53,female,67,16
352,Dode,Naor,50,male,4,56
353,Annice,Shaver,54,male,64,94
354,Briney,Adrienne,56,male,57,63
355,Annabela,Mitzi,93,male,94,7
356,Talya,Loleta,68,male,60,25
357,Kimmy,Lorenz,21,female,90,85
358,Celene,Letsou,29,female,71,79
359,Lilith,Rustice,78,female,97,36
360,Maryellen,Macey,54,male,74,98
361,Mahalia,Madox,52,male,11,24
362,Lauryn,Dichy,64,female,42,76
363,Margalo,Othilia,72,male,16,4
364,Sheree,Goddard,58,female,100,84
365,Barbara,Jenness,35,male,5,9
366,Dorothy,Katrine,36,female,10,5
367,Claudina,Klotz,31,female,58,25
368,Frank,Dex,94,male,67,16
369,Devina,Vary,22,female,99,90
370,Netty,Elbertina,44,female,64,88
371,Tilly,Frodi,88,male,49,32
372,Cristine,Imelida,78,female,85,95
373,Coral,Berriman,50,male,34,11
374,Sissy,Sheng,18,female,92,84
375,Katleen,Saint,56,female,90,39
376,Jasmina,Joli,41,female,81,38
377,Kimmy,Johnsson,98,male,67,21
378,Anica,Horan,97,male,59,28
379,Cacilie,Bach,39,female,79,93
380,Raf,Riva,15,female,70,48
381,Chere,Thema,56,male,80,35
382,Hildegaard,Creamer,84,female,88,77
383,Laurene,Vilma,6,male,33,17
384,Aili,Lorain,49,male,33,67
385,Gisela,Barrus,69,female,25,2
386,Clo,Liva,73,female,41,12
387,Eugine,Franza,57,male,80,96
388,Marcelline,Dom,50,female,10,85
389,Shauna,Raffo,88,female,71,68
390,Aaren,Obed,26,female,83,89
391,Lanna,Behre,34,male,62,90
392,Aubrie,Fink,80,male,59,74
393,Violet,Sasnett,32,male,85,44
394,Selma,Othilia,87,female,41,6
395,Nannie,Tamsky,42,female,84,66
396,Lusa,Gherardo,14,female,32,18
397,Riannon,Ashok,68,male,52,8
398,Chandra,Kenney,81,female,7,49
399,Kellen,Sheng,19,male,97,15
400,Doralynne,Dichy,18,male,41,83
401,Zondra,Eliathas,27,male,88,87
402,Linzy,Anastatius,29,female,45,89
403,Jessy,Raul,4,female,16,91
404,Tilly,Ramona,22,female,19,22
405,Asia,Rona,49,male,36,3
406,Jackie,Hoenack,11,female,74,72
407,Livvyy,Wittie,85,female,92,43
408,Brietta,Riordan,71,male,55,61
409,Tomasina,Kendrick,31,female,68,55
410,Sashenka,Jehu,40,male,100,25
411,Sindee,Paton,32,male,89,51
412,Aubrie,Loring,29,male,70,3
413,Karolina,Rhu,75,female,7,89
414,Joane,Francene,64,female,40,96
415,Tami,Tamsky,30,female,42,36
416,Winny,Podvin,9,male,86,16
417,Tori,Torray,52,male,91,41
418,Helena,Donell,10,male,42,97
419,Heddie,Cleavland,44,male,74,26
420,Renae,Erich,88,female,80,29
421,Bill,Kinnard,84,male,25,27
422,Alyssa,Ries,100,male,18,33
423,Adelle,Gaulin,20,female,29,59
424,Catharine,Cleavland,36,male,100,62
425,Jennica,Trace,88,male,15,38
426,Vere,Stav,8,male,71,19
427,Linzy,Morrill,74,male,41,46
428,Goldie,Syd,85,female,43,62
429,Sibella,Edison,95,male,22,91
430,Kore,Yerkovich,94,female,93,89
431,Feliza,Annice,68,female,24,5
432,Ninnetta,Suzetta,32,male,32,76
433,Meriel,Penelopa,22,male,56,26
434,Demetris,Wadell,16,male,55,34
435,Gretal,Abram,74,female,59,92
436,Ketti,Ahab,60,male,95,94
437,Vere,Stoller,37,male,30,49
438,Helsa,Suanne,82,male,76,10
439,Imojean,Christine,33,male,97,24
440,Hayley,Clywd,53,male,37,8
441,Tina,Hessler,78,male,23,36
442,Tera,Constancy,93,female,87,5
443,Carly,Chabot,55,male,56,52
444,Petronia,Keily,95,male,29,91
445,Joy,Kalinda,12,female,32,18
446,Jasmina,Felizio,65,female,42,10
447,Sissy,Allare,12,male,49,79
448,Clementine,Ariella,35,male,61,54
449,Kimberley,Kathie,38,male,36,56
450,Bernie,Pascia,17,female,47,63
451,Camile,Magnolia,44,female,71,95
452,Joleen,Margarete,17,male,63,55
453,Philis,Kinnard,20,male,9,4
454,Lusa,Tacye,44,male,80,15
455,Alex,Desai,9,male,92,63
456,Drucie,Salvidor,78,male,10,11
457,Alleen,Bobbee,16,female,16,50
458,Theodora,Orpah,52,male,78,86
459,Eolanda,Zrike,90,female,58,85
460,Wanda,Madelene,82,female,61,6
461,Antonietta,Carolin,93,female,11,83
462,Genevra,Crudden,70,male,89,64
463,Libbie,Cath,19,male,99,92
464,Lorie,Ax,45,male,21,33
465,Louella,Gale,44,female,98,53
466,Cristabel,Korey,70,male,68,39
467,Latisha,Ambrosia,69,female,33,16
468,Lorne,Nester,50,female,5,36
469,Regina,Bach,34,female,76,5
470,Tabbatha,Buckler,72,female,39,35
471,Kate,Riordan,16,male,51,1
472,Chastity,Christine,33,male,57,43
473,Maurene,Arathorn,90,male,14,9
474,Jordan,Amasa,25,male,90,31
475,Queenie,Elsinore,84,female,37,76
476,Pierette,Maryanne,75,female,72,15
477,Giustina,Janene,88,female,26,2
478,Elie,Malina,92,female,69,81
479,Jasmina,Daveta,32,male,29,27
480,Claresta,Klotz,52,female,39,20
481,Fanchon,Bebe,28,male,18,41
482,Fred,Mandler,74,female,62,64
483,Andeee,Cottle,71,male,55,49
484,Sidoney,Anyah,99,female,37,95
485,Mireielle,Himelman,29,female,6,34
486,Gusella,Raseda,7,female,41,59
487,Addia,Adlare,51,male,54,15
488,Lonnie,Montgomery,24,female,26,6
489,Nannie,Sawtelle,82,female,16,69
490,Rosene,Alejoa,82,male,58,70
491,Laurene,Cristi,15,male,55,62
492,Jean,Fontana,8,male,18,2
493,Annabela,Jenness,80,female,23,79
494,Fanny,Edison,37,male,82,10
495,Jacenta,Rona,82,female,39,56
496,Agathe,Lanita,41,male,71,74
497,Marguerite,Lemuela,84,male,69,1
498,Emmey,Johnsson,38,male,67,82
499,Myrtice,Bach,98,male,30,31
500,Collen,Lorain,84,male,37,23
501,Almeta,Justinn,83,female,44,17
502,Debee,Publia,49,male,10,52
503,Sibella,Bearnard,76,male,23,48
504,Yvonne,Kazimir,12,female,20,7
505,Annabela,Herrera,41,male,7,31
506,Winny,Philipp,85,male,43,20
507,Deedee,Haymes,4,male,91,59
508,Atlanta,Fadiman,6,female,49,47
509,Talya,Delacourt,14,male,34,3
510,Cathyleen,Laverne,93,female,6,41
511,Adriana,Wilkinson,58,male,26,28
512,Krystle,Bethany,67,female,74,52
513,Cacilie,Jerold,60,female,58,2
514,Gertrud,Center,31,female,88,84
515,Kara-Lynn,Hamil,45,male,47,43
516,Carree,Khorma,34,male,97,43
517,Paulita,Corilla,71,male,72,96
518,Tamqrah,Madelene,27,male,6,39
519,Moyna,Rocray,5,male,37,13
520,Clo,Goldina,62,female,16,11
521,Delilah,McNully,22,male,38,59
522,Gloria,Wadell,29,female,45,18
523,Vonny,Chobot,86,male,26,35
524,Nanete,Carlson,100,female,73,37
525,Marika,Agle,70,male,100,21
526,Adelle,Solitta,51,female,13,12
527,Genovera,Philoo,90,male,94,43
528,Tomasina,Fillbert,1,male,93,4
529,Kelly,Linskey,35,male,66,87
530,Ezmeralda,Sperling,28,male,93,41
531,Nanete,Corilla,16,male,53,24
532,Flo,Briney,18,female,84,68
533,Inga,Yerkovich,10,male,9,20
534,Cristine,Koziara,81,male,71,69
535,Tori,Stefa,56,male,31,56
536,Lisette,Gale,11,male,86,76
537,Evaleen,Persse,55,male,45,25
538,Dede,Hazlett,14,female,91,67
539,Glynnis,Croix,30,male,70,60
540,Margette,Magnolia,40,female,82,16
541,Ninnetta,Hewitt,7,male,7,13
542,Helena,Karylin,76,female,7,64
543,Edee,Schwejda,53,male,12,55
544,Allis,McClimans,36,male,79,57
545,Viviene,Melleta,13,male,42,24
546,Phedra,Kussell,17,male,97,75
547,Melodie,Konyn,100,female,35,32
548,Shaylyn,Sparhawk,92,female,8,32
549,Danny,Socha,28,female,91,33
550,Yolane,Dawkins,73,female,45,17
551,Diena,Jacobah,93,female,41,90
552,Sarette,Havens,75,male,32,6
553,Ruthe,Philipp,75,male,34,43
554,Meg,Hillel,98,female,21,80
555,Ulrike,Beebe,78,female,51,90
556,Gisela,Cath,26,female,39,49
557,Karlee,Lorenz,72,male,34,86
558,Tera,Hurley,94,female,70,93
559,Caressa,Kunin,39,female,26,61
560,Cherrita,Verger,30,female,84,25
561,Veda,Haymes,48,female,83,6
562,Fina,Rooney,98,male,66,62
563,Eolanda,Remmer,1,male,94,64
564,Morganica,Jotham,49,female,16,68
565,Max,Faro,79,male,20,49
566,Jerry,Bertold,58,male,32,74
567,Joy,Jagir,37,male,57,64
568,Aeriela,Gwenore,19,female,73,71
569,Elvira,Blase,89,male,12,100
570,Frieda,Brittani,74,male,51,47
571,Mureil,Gower,70,male,93,18
572,Nyssa,Adore,62,male,29,92
573,Rhea,Jary,25,female,42,30
574,Deirdre,Dannye,54,male,67,7
575,Mignon,Japeth,46,female,8,91
576,Bertine,Edmund,81,female,43,61
577,Theodora,Decato,80,male,51,24
578,Dorene,Autrey,2,male,31,38
579,Joelly,Middleton,36,female,74,77
580,Marleah,Gabrielli,65,female,30,55
581,Olwen,Adlare,33,male,22,6
582,Selma,Cecile,82,female,41,75
583,Hermione,Carlson,83,female,66,55
584,Loree,Lalitta,61,female,79,80
585,Lila,Gordon,35,female,54,5
586,Sean,Dannye,14,male,92,48
587,Cristabel,Argus,46,male,74,28
588,Molli,Yate,34,female,30,21
589,Diena,Willie,31,male,76,39
590,Eadie,Liebermann,16,female,64,18
591,Fidelia,Kelula,6,male,33,34
592,Hollie,Lanita,50,female,8,76
593,Jemie,Scammon,67,male,86,90
594,Mallory,Sidonius,85,female,65,62
595,Ulrike,Robertson,82,female,69,51
596,Sharai,Elvyn,83,male,58,100
597,Ronna,Weitman,49,female,88,16
598,Kelly,Salchunas,66,male,72,14
599,Elvira,Elsinore,88,female,40,22
600,Therine,Khorma,82,male,88,49
601,Jillayne,Joseph,68,female,81,72
602,Deedee,Colbert,67,male,50,70
603,Abbie,Brackely,88,female,44,88
604,Glenda,Lory,33,male,63,65
605,Margalo,Mandler,89,male,86,13
606,Jinny,Valoniah,1,female,74,54
607,Ashlee,Connelly,41,male,92,75
608,Allyce,Mayeda,20,female,50,94
609,Zia,Aida,76,female,59,69
610,Larine,Nikaniki,89,male,72,43
611,Elvira,Whiffen,6,male,37,26
612,Rubie,Felecia,13,female,28,74
613,Katleen,Hilbert,19,male,60,87
614,Giustina,Cressida,14,female,73,1
615,Melisent,Wilona,39,male,63,51
616,Vita,Joseph,33,female,18,31
617,Jan,Read,43,female,94,28
618,Kaja,Bevin,4,female,21,19
619,Patricia,Gunn,50,male,83,26
620,Aili,Riva,78,male,63,8
621,Angela,Esmaria,75,male,80,42
622,Etta,Thad,34,male,13,31
623,Harmonia,Schonfeld,96,male,49,33
624,Demetris,Christine,87,female,46,20
625,Damaris,Mata,80,male,74,15
626,Katuscha,Talia,79,male,37,37
627,Mathilda,Gladstone,81,female,71,55
628,Almeta,Burch,87,male,7,10
629,Bill,Lucienne,42,male,76,81
630,Patricia,Maribeth,38,female,20,60
631,Leontine,Baylor,69,female,92,13
632,Elfreda,Phi,11,female,9,72
633,Merrie,Sawtelle,4,female,70,42
634,Bee,Bashemeth,30,male,84,53
635,Violet,Salchunas,81,male,22,15
636,Annice,Shanley,68,female,83,92
637,Dorice,Georgy,23,male,77,62
638,Carree,Edvard,91,male,67,58
639,Sophia,Lipson,29,male,86,81
640,Caryl,Wiener,58,male,17,59
641,Ingrid,Tamsky,95,male,36,55
642,Konstance,Fry,11,male,75,32
643,Rayna,Keelia,74,male,54,68
644,Jinny,Weide,52,male,85,15
645,Monika,Vilma,3,male,1,15
646,Dacia,Mallon,28,female,69,4
647,Sharai,Milde,75,male,74,72
648,Joy,Pond,37,female,44,54
649,Joeann,Toor,2,female,85,35
650,Jsandye,Rese,1,female,92,5
651,Joelly,Belanger,74,female,45,71
652,Myrtice,Velick,35,female,23,17
653,Bobbi,Cristi,42,female,2,53
654,Kalina,Ortrude,84,male,89,34
655,Gisela,Chandler,67,male,22,100
656,Ada,Henebry,48,male,74,55
657,Brynna,Bates,39,male,76,76
658,Lorenza,Sigfrid,48,female,35,41
659,Julieta,Tound,9,female,71,98
660,Nessie,Adamsen,28,female,53,72
661,Ayn,Lail,54,female,27,26
662,Maye,Marijo,22,male,14,24
663,Heida,Peg,56,female,74,44
664,Nannie,Sigfrid,37,male,66,15
665,Fredericka,Barrus,78,female,88,86
666,Gratia,Jess,44,female,8,45
667,Carmela,Vastah,53,male,57,31
668,Cassondra,Louanna,22,male,8,93
669,Cassandra,Justinn,89,male,86,7
670,Perry,Edvard,23,male,94,65
671,Talya,Jethro,35,female,2,49
672,Charlena,Eachern,73,female,69,76
673,Morganica,Rooney,76,male,14,45
674,Sam,Meli,58,female,63,14
675,Mary,Ehrman,51,male,47,85
676,Ardys,Denis,27,female,83,88
677,Vivia,Leopold,18,female,9,41
678,Melisent,Brenn,91,female,10,68
679,Almeta,Anyah,64,male,49,45
680,Nadine,Baylor,47,male,56,28
681,Annabela,Harned,83,female,40,97
682,Nananne,Duwalt,56,female,49,8
683,Konstance,Papageno,49,male,39,66
684,Tobe,Jammal,92,female,55,60
685,Coral,My,46,male,65,52
686,Wilma,Birdella,46,female,32,84
687,Jemie,Lubin,10,female,59,91
688,Raina,Israeli,11,male,9,41
689,Ilse,Telfer,72,male,84,81
690,Letizia,Kinnard,80,female,94,50
691,Lelah,Regan,36,female,92,9
692,Augustine,Ailyn,86,female,97,32
693,Bernardine,Gerge,86,female,75,37
694,Estell,Cressida,59,female,69,56
695,Emilia,Euridice,25,male,97,79
696,Olivette,My,45,female,6,51
697,Ada,Gilbertson,18,female,65,40
698,Fayre,Gwenore,42,female,16,75
699,Doro,Berard,83,female,39,72
700,Lily,Wilkinson,70,male,96,81
701,Darlleen,Azeria,27,male,80,18
702,Mellicent,Dash,34,female,37,76
703,Romona,Khorma,33,male,8,80
704,Oralee,Knowling,48,male,53,37
705,Claudina,Grosz,26,male,67,9
706,Ingrid,Gerge,61,female,58,84
707,Barbi,Claudine,5,female,45,68
708,Jenda,Arley,44,male,67,20
709,Dominga,Maurine,55,female,40,99
710,Marsiella,Norvol,33,female,24,38
711,Brietta,Joeann,24,female,90,98
712,Christian,Erskine,69,male,92,96
713,Jaclyn,Mintz,45,male,58,70
714,Lucille,Randene,88,female,33,22
715,Catrina,Docilla,37,female,85,50
716,Selia,Edmund,30,male,48,86
717,Danika,Sparhawk,82,female,47,78
718,Reeba,Elbertina,59,female,51,46
719,Inga,Annabella,83,male,89,5
720,Dawn,Mike,86,male,67,30
721,Susette,Morrill,89,female,16,72
722,Margalo,Mayeda,67,female,93,48
723,Adore,Standing,88,female,65,67
724,Caressa,Quinn,42,male,98,75
725,Gabi,Charity,59,male,100,20
726,Fidelia,Parsaye,3,female,19,48
727,Margalo,McNully,58,female,32,9
728,Dianemarie,Douglass,2,female,62,92
729,Louella,Stoller,81,female,29,76
730,Cherrita,Crudden,1,male,59,37
731,Albertina,Huggins,78,female,54,93
732,Ingrid,Suanne,56,female,93,7
733,Raina,Damarra,88,male,27,90
734,Imojean,Cottle,56,male,76,84
735,Keelia,Killigrew,52,male,55,22
736,Nickie,Schlosser,71,female,86,13
737,Nickie,Saint,18,male,51,11
738,Beth,Albertine,55,male,28,32
739,Fayre,Montgomery,9,male,29,6
740,Joeann,Liebermann,67,male,5,43
741,Arabel,Sikorski,38,female,98,42
742,Philis,Manolo,45,female,66,69
743,Ronna,Ciapas,54,male,28,24
744,Larine,Othilia,70,female,67,40
745,Jeanna,Olnee,15,male,71,77
746,Michaelina,Atcliffe,90,female,39,54
747,Chloris,Sandye,51,female,16,63
748,Gwenneth,Daveta,62,male,31,99
749,Myriam,Sherrie,22,male,98,48
750,Tonia,Shuler,70,male,96,88
751,Carlie,Maxi,55,female,27,45
752,Chrystel,Zaslow,64,male,67,72
753,Jolyn,Erb,12,male,4,68
754,Rozele,Alexandr,51,female,7,86
755,Aurelie,Valerio,45,male,52,56
756,Anica,Sekofski,74,male,52,47
757,Nita,Huggins,81,female,65,69
758,Lorie,Bigner,63,male,17,22
759,Ayn,Caitlin,15,female,95,87
760,Fawne,Brodench,3,female,1,28
761,Patricia,Jacobah,21,female,87,17
762,Ekaterina,Kravits,19,male,1,2
763,Mariann,Hirsch,86,female,54,76
764,Viviene,Marlie,22,female,85,82
765,Ekaterina,Colbert,87,male,80,98
766,Claresta,Fredi,44,female,78,18
767,Cindelyn,Felizio,62,female,6,87
768,Caryl,Esmaria,51,female,5,60
769,Deedee,Cosenza,5,male,41,74
770,Layla,Old,18,female,64,8
771,Stevana,Thad,12,male,96,85
772,Neila,Roche,12,female,97,6
773,Fredericka,Ferino,55,female,23,72
774,Starla,Graig,30,female,89,13
775,Caryl,Stover,78,male,10,31
776,Maridel,Marden,60,male,64,35
777,Jackie,Munn,34,male,45,20
778,Basia,Arne,15,male,87,82
779,Bee,Celestine,28,female,94,88
780,Catrina,Gibbeon,93,female,82,2
781,Regina,Hubert,9,male,28,21
782,Clary,Charmine,93,male,23,30
783,Marsiella,Weitman,7,female,99,82
784,Dorice,Magdalen,85,male,77,81
785,Nita,Gwenore,77,male,54,53
786,Gwyneth,Carvey,7,male,5,96
787,Trudie,Levey,60,male,37,70
788,Chickie,Gunn,24,female,55,56
789,Calla,Astra,14,male,23,58
790,Ellette,Pip,93,male,73,64
791,Esmeralda,Burkle,76,female,43,39
792,Marsiella,Helfand,50,female,29,29
793,Libbie,Tamar,2,female,80,25
794,Sibella,Terencio,68,male,11,65
795,Kelly,Latini,56,male,93,88
796,Roz,Atcliffe,99,male,32,77
797,Constance,Erlandson,32,male,13,40
798,Brandise,Montgomery,36,male,50,13
799,Iseabal,Briney,93,male,62,90
800,Candy,Bultman,18,male,19,61
801,Tybie,Harl,83,male,9,23
802,Randa,Vivle,64,male,91,86
803,Ingrid,Jorgan,73,male,71,82
804,Siana,Roarke,91,male,96,57
805,Jany,Stoller,98,female,97,56
806,Agathe,Stacy,36,male,26,70
807,Ursulina,Nea,24,female,48,19
808,Selia,Gombach,85,female,41,7
809,Teriann,Hepsibah,75,male,61,7
810,Kial,Ledah,50,male,90,5
811,Sabina,Beebe,28,male,27,75
812,Caryl,Sundin,80,female,80,50
813,Fidelia,Bearnard,65,male,92,8
814,Cherilyn,Neva,48,male,8,28
815,Chrystel,Iphlgenia,51,female,55,4
816,Carly,Maisey,69,female,26,82
817,Daphne,Oscar,3,female,13,13
818,Modestia,Helfand,66,female,64,22
819,Joleen,Ranjiv,28,male,22,25
820,Chandra,Kimmie,50,female,19,8
821,Anica,Sundin,44,male,69,42
822,Tarra,Japeth,92,male,13,54
823,Jennica,Clarissa,17,female,15,38
824,Jillayne,Lesley,8,female,33,42
825,Karolina,Saunderson,32,female,7,32
826,Feliza,Pitt,39,male,2,80
827,Cindelyn,Janith,16,female,60,3
828,Debee,Soneson,91,male,38,96
829,Donnie,Sharl,14,male,1,49
830,Ermengarde,Larochelle,29,female,63,26
831,Rochette,Jotham,98,male,79,78
832,Jenilee,Sancho,75,female,86,90
833,Feliza,McGrody,34,male,94,83
834,Alyssa,Yoko,44,female,23,86
835,Maisey,Fredi,57,female,27,40
836,Lolita,Kesley,51,female,86,31
837,Ninnetta,Holbrook,17,female,45,65
838,Molli,Han,25,female,59,90
839,Sashenka,Cutlerr,69,female,92,92
840,Blondelle,Noman,9,female,13,40
841,Fanny,Felizio,54,male,21,52
842,Morganica,Gaal,56,female,76,5
843,Heida,Luhe,33,male,50,79
844,Bobbi,Hedve,4,male,8,65
845,Aigneis,Waite,10,male,80,60
846,Caryl,Bearnard,55,female,23,54
847,Marnia,Tatianas,71,female,55,80
848,Tina,Hortensia,55,male,96,88
849,Flo,Greenwald,63,female,65,28
850,Sam,Hailee,97,female,56,4
851,Malina,Goerke,48,male,30,41
852,Sean,Hewitt,75,male,100,34
853,Cathie,Kolnick,33,male,23,15
854,Reeba,Lia,80,female,1,2
855,Debee,Lorenz,49,male,78,38
856,Claudina,Trace,16,female,12,82
857,Melanie,Alva,5,male,89,93
858,Tatiania,Glovsky,17,female,4,17
859,Blondelle,Rona,3,male,34,51
860,Rivalee,Seagraves,39,female,33,79
861,Flory,Ariella,85,male,58,21
862,Regina,Rillings,14,female,5,97
863,Mireielle,Oster,61,female,78,98
864,Doro,Aurelio,26,male,23,40
865,Laurene,Ardeha,24,female,34,90
866,Concettina,Frodi,22,male,15,17
867,Jean,Aida,56,male,65,95
868,Evaleen,Edvard,5,female,72,40
869,Kimmy,Kelula,84,female,84,4
870,Randa,Ajay,49,female,25,92
871,Mallory,Beniamino,71,male,32,48
872,Barbara,Vilma,38,female,87,49
873,Leontine,Hilbert,93,male,98,99
874,Tani,Brodench,49,male,12,72
875,Jeanna,Fennessy,91,female,57,48
876,Winifred,Azeria,21,female,25,1
877,Felice,Lanita,69,male,88,96
878,Meriel,Taima,4,male,64,9
879,Eadie,Charity,74,male,84,54
880,Wynne,Jerold,84,male,11,50
881,Rosanne,Tjon,36,female,15,20
882,Ernesta,Tryck,22,male,94,84
883,Clary,Doig,13,female,26,64
884,Marleah,Mendez,78,female,73,3
885,Peri,Sophronia,35,female,83,96
886,Lesly,Egbert,17,male,83,4
887,Catrina,Florina,86,male,40,80
888,Mariele,Camden,49,female,62,35
889,Donnie,Huggins,1,female,80,9
890,Diena,Salvidor,96,male,74,74
891,Jere,Emanuel,30,male,55,73
892,Harmonia,Carbo,61,female,48,11
893,Shauna,Keelia,5,male,96,59
894,Jean,Tice,64,male,97,57
895,Judy,Nerita,92,female,82,53
896,Ivett,Adore,11,female,3,65
897,Fred,Himelman,73,male,85,75
898,Sissy,Baptlsta,90,male,65,63
899,Aurore,Socha,75,female,44,95
900,Glenda,Demitria,43,female,24,63
901,Ada,Haldas,78,male,47,72
902,Jinny,Dominy,44,female,13,15
903,Helena,Ashok,74,female,87,100
904,Oona,Kaete,83,female,6,89
905,Ethel,Roscoe,70,female,32,99
906,Sibella,Kunin,25,male,19,35
907,Jessy,Gibbeon,51,female,47,24
908,Glynnis,Eachern,68,male,26,17
909,Daune,Haldas,13,female,62,12
910,Winifred,Dorcy,90,male,12,19
911,Sheelagh,Septima,14,male,64,86
912,Tybie,Kylander,100,male,30,45
913,Kelly,Berard,97,female,99,75
914,Agnese,Kosey,53,male,28,52
915,Gratia,McGrody,2,female,71,79
916,Rhoda,Gale,12,male,90,31
917,Annabela,Reinke,95,male,37,17
918,Kayla,Grimbly,80,male,59,5
919,Rosene,Clywd,32,female,18,82
920,Hayley,Gusella,33,male,37,100
921,Emma,Fabiola,58,female,4,87
922,Ernesta,Arquit,7,female,63,7
923,Silvana,Croix,67,male,14,6
924,Rori,Strephon,1,male,87,23
925,Berta,Roxanna,71,female,70,34
926,Daphne,Peonir,78,female,63,63
927,Sonni,Diann,55,female,49,26
928,Tilly,Andrel,6,male,17,14
929,Laure,Greyson,91,female,17,54
930,Flory,Bohlin,47,male,86,3
931,Celestyna,Ader,16,male,86,71
932,Marcelline,Elo,72,male,33,99
933,Lita,Boehike,99,male,84,75
934,Ronna,Melan,28,male,17,43
935,Josephine,Wittie,56,female,87,24
936,Amara,Ovid,83,male,87,73
937,Flory,Eiser,51,male,21,91
938,Malina,Carolin,31,female,64,61
939,Ida,Kunin,78,female,2,37
940,Frieda,Shaver,6,female,14,13
941,Mary,Lory,15,female,2,5
942,Deirdre,Randene,2,male,93,91
943,Millie,Marisa,35,male,22,36
944,Shauna,Colp,72,male,58,28
945,Cam,Garek,20,female,89,97
946,Shirlee,Damarra,54,female,83,75
947,Olivette,Greenwald,45,male,29,35
948,Elvira,Saree,93,male,73,29
949,Ebonee,Si,16,female,100,49
950,Phedra,Rona,25,male,93,7
951,Cam,Zetta,17,female,44,43
952,Taffy,Thar,56,female,69,9
953,Pamella,Tillford,84,male,10,68
954,Rosene,Arquit,46,female,59,38
955,Babita,Lorain,2,female,72,82
956,Gaylene,Calhoun,100,female,60,83
957,Jorry,Grimbly,23,female,55,95
958,Rivalee,Kenney,15,male,100,4
959,Marline,Kenney,83,female,58,91
960,Basia,Connelly,96,male,86,40
961,Damaris,Elephus,71,male,28,57
962,Nonnah,Fontana,58,male,61,48
963,Mary,Cadmar,65,female,59,84
964,Jinny,Garlinda,53,female,33,38
965,Gisela,Wenoa,50,female,54,90
966,Corly,Ashely,94,female,99,90
967,Bernie,Edvard,77,female,31,30
968,Aryn,Tannie,19,male,47,97
969,Lory,Redmond,32,male,24,75
970,Nadine,Linskey,44,male,77,85
971,Camile,Valerio,24,female,57,70
972,Etta,Weide,15,male,86,80
973,Chandra,Teddman,81,female,34,37
974,Krystle,Parette,56,female,84,91
975,Tani,Deny,57,female,9,76
976,Hildegaard,Louanna,45,female,1,37
977,Gabriellia,Abbot,33,male,36,79
978,Susan,Chinua,41,female,4,12
979,Dale,Mallon,78,female,73,15
980,Peri,Kaja,12,male,30,96
981,Chandra,Zeeba,94,female,36,45
982,Sean,Mullane,40,female,41,80
983,Ezmeralda,Sherfield,74,male,38,28
984,Amalie,Jess,37,male,57,99
985,Nananne,Sancho,37,male,18,8
986,Kore,Aldric,47,female,91,87
987,Ricky,Thomasina,14,male,57,69
988,Raina,Frendel,23,female,42,36
989,Elfreda,Rebecka,71,male,9,30
990,Gwenneth,Zrike,65,male,91,1
991,Chandra,Mandler,79,male,89,88
992,Goldie,Capello,94,male,24,26
993,Iseabal,Sadowski,20,male,33,86
994,Charlena,Demitria,12,male,21,65
995,Stacey,Jeanne,57,female,59,31
996,Sara-Ann,Tound,10,female,50,24
997,Ira,Howlyn,29,male,77,30
998,Lynde,Ackerley,12,female,85,98
999,Berta,Robertson,57,male,53,3
1000,Lisette,Shuler,43,male,65,64
1001,Rosanne,Vacuva,88,male,47,25
1002,Xylina,Narton,59,female,33,27